category_teacher,count,share
Политика,23492,0.5212105076322329
Общество,10075,0.22353123890663826
Спорт,6111,0.13558306709265175
Бизнес,1950,0.04326411075612353
Технологии и медиа,1255,0.027844337948171816
Экономика,1184,0.026269080582179624
Финансы,960,0.021299254526091587
База знаний,31,0.0006877884274050408
Авто,10,0.00022186723464678737
Свое дело,3,6.656017039403621e-05
Недвижимость,1,2.2186723464678736e-05
