category_teacher,class_weight
Недвижимость,4097.454545454545
Свое дело,1365.8181818181818
Авто,409.74545454545455
База знаний,132.1759530791789
Финансы,4.2681818181818185
Экономика,3.460687960687961
Технологии и медиа,3.2649040202825064
Бизнес,2.101258741258741
Спорт,0.6705047529789798
Общество,0.40669524024362735
Политика,0.1744191446217668
