category_teacher_final,count,share
Политика,23486,0.5216792536650378
Общество,10074,0.22376721457130164
Спорт,6111,0.135739671257219
Экономика_и_бизнес,5349,0.11881386050644158
